"";"class";"sex";"age";"rs1946518";"rs187238"
"CONT001";0;0;26;3;5
"CONT002";0;1;42;1;4
"CONT003";0;0;27;2;4
"CONT004";0;0;26;2;5
"CONT005";0;0;22;2;4
"CONT006";0;1;41;2;5
"CONT007";0;1;56;2;4
"CONT008";0;0;40;2;4
"CONT009";0;0;41;2;3
"CONT010";0;1;51;2;5
"CONT011";0;0;37;3;5
"CONT012";0;0;22;3;5
"CONT013";0;1;22;1;3
"CONT014";0;1;21;1;5
"CONT015";0;0;20;2;4
"CONT016";0;0;22;2;4
"CONT017";0;0;29;2;4
"CONT018";0;0;23;3;5
"CONT019";0;0;43;3;5
"CONT020";0;0;33;3;5
"CONT021";0;0;12;1;4
"CONT022";0;0;21;3;5
"CONT023";0;0;20;3;5
"CONT024";0;0;48;3;5
"CONT025";0;0;32;2;4
"CONT026";0;0;41;3;5
"CONT027";0;1;49;2;4
"CONT028";0;0;29;2;4
"CONT029";0;0;44;2;4
"CONT030";0;0;25;2;4
"CONT031";0;0;50;2;5
"CONT032";0;0;41;1;4
"CONT033";0;0;25;3;5
"CONT034";0;0;40;2;4
"CONT035";0;0;20;2;4
"CONT036";0;0;35;2;4
"CONT037";0;1;30;2;4
"CONT038";0;0;32;3;5
"CONT039";0;0;42;3;5
"CONT040";0;1;30;2;4
"CONT041";0;1;38;3;5
"CONT042";0;0;48;1;4
"CONT043";0;1;54;1;5
"CONT044";0;0;42;3;5
"CONT045";0;1;44;3;5
"CONT046";0;1;57;2;4
"CONT047";0;1;23;2;4
"CONT048";0;0;51;3;5
"CONT049";0;0;40;2;4
"CONT050";0;1;55;2;5
"CONT051";0;1;43;2;4
"CONT052";0;0;24;2;4
"CONT053";0;1;47;3;5
"CONT054";0;1;38;2;4
"CONT055";0;0;36;3;5
"CONT056";0;0;18;2;5
"CONT057";0;0;44;2;4
"CONT058";0;1;41;2;4
"CONT059";0;0;35;2;5
"CONT060";0;1;32;2;4
"CONT061";0;1;35;3;5
"CONT062";0;0;18;3;5
"CONT063";0;0;46;3;5
"CONT064";0;0;36;2;4
"CONT065";0;0;36;3;5
"CONT066";0;0;36;2;4
"CONT067";0;1;43;1;4
"CONT068";0;1;44;1;5
"CONT069";0;0;39;2;4
"CONT070";0;0;37;1;5
"CONT071";0;0;29;2;5
"CONT072";0;1;40;3;5
"CONT073";0;0;18;2;4
"CONT074";0;1;41;3;5
"CONT075";0;0;24;3;5
"CONT076";0;0;47;1;5
"CONT077";0;0;26;2;4
"CONT078";0;0;55;3;5
"CONT079";0;0;45;2;4
"CONT080";0;1;20;2;4
"CONT081";0;0;32;2;5
"CONT082";0;1;38;2;4
"CONT083";0;0;46;2;4
"CONT084";0;0;24;2;4
"CONT085";0;0;26;3;5
"CONT086";0;1;49;3;5
"CONT087";0;0;44;3;5
"CONT088";0;1;47;1;5
"CONT089";0;0;47;1;5
"CONT090";0;0;51;3;5
"CONT091";0;0;29;3;5
"CONT092";0;0;21;2;4
"CONT093";0;0;44;3;5
"CONT094";0;0;41;2;5
"CONT095";0;1;47;3;5
"CONT096";0;1;39;2;4
"CONT097";0;1;37;2;4
"CONT098";0;1;50;1;4
"CONT099";0;0;26;3;5
"CONT100";0;0;58;3;5
"CONT101";0;0;40;3;5
"CONT102";0;0;45;2;5
"CONT103";0;0;22;2;4
"CONT104";0;0;27;3;5
"CONT105";0;0;30;2;4
"CONT106";0;0;32;3;5
"CONT107";0;0;21;2;4
"CONT108";0;0;46;3;5
"CONT109";0;0;20;2;4
"CONT110";0;0;56;2;5
"CONT111";0;0;19;3;5
"CONT112";0;0;45;2;4
"CONT113";0;0;22;3;5
"CONT114";0;0;41;3;5
"CONT115";0;0;23;3;5
"CONT116";0;0;20;2;4
"CONT117";0;0;42;3;5
"CONT118";0;0;24;2;3
"CONT119";0;0;52;2;4
"CONT120";0;0;32;2;4
"CONT121";0;0;38;2;5
"CONT122";0;0;21;2;4
"CONT123";0;0;22;2;4
"CONT124";0;0;23;2;4
"CONT125";0;0;18;2;4
"CONT126";0;0;37;3;5
"CONT127";0;0;38;2;4
"CONT128";0;0;27;3;4
"CONT129";0;0;40;2;4
"CONT130";0;0;26;3;5
"CONT131";0;0;38;2;3
"CONT132";0;0;48;3;5
"CONT133";0;0;46;3;5
"CONT134";0;0;27;2;4
"CONT135";0;0;29;2;4
"CONT136";0;0;26;2;4
"CONT137";0;0;19;3;5
"CONT138";0;0;29;2;4
"CONT139";0;0;18;2;4
"CONT140";0;0;19;2;4
"CONT141";0;0;21;2;5
"CONT142";0;0;48;3;5
"CONT143";0;0;35;2;4
"CONT144";0;0;42;2;4
"CONT145";0;0;44;2;5
"CONT146";0;0;28;3;5
"CONT147";0;0;31;2;5
"CONT148";0;0;40;2;4
"CONT149";0;0;39;3;5
"CONT150";0;0;43;2;4
"CONT151";0;0;29;2;4
"CONT152";0;0;36;3;5
"CONT153";0;0;36;2;4
"CONT154";0;0;29;2;4
"CONT155";0;0;18;2;4
"CONT156";0;0;24;2;4
"CONT157";0;0;20;2;4
"CONT158";0;0;54;2;4
"CONT159";0;0;54;2;3
"CONT160";0;0;24;3;5
"CONT161";0;0;41;2;5
"CONT162";0;0;30;2;4
"CONT163";0;0;20;2;4
"CONT164";0;0;49;2;5
"CONT165";0;0;27;3;5
"CONT166";0;0;37;2;4
"CONT167";0;0;48;2;4
"CONT168";0;0;40;2;4
"CONT169";0;0;35;2;4
"CONT170";0;0;32;3;5
"CONT171";0;0;25;2;4
"CONT172";0;0;23;2;4
"CONT173";0;0;32;2;5
"CONT174";0;0;43;2;5
"CONT175";0;0;56;2;4
"CONT176";0;0;24;3;5
"CONT177";0;0;21;2;4
"CONT178";0;0;29;2;4
"CONT179";0;0;44;2;5
"CONT180";0;0;19;2;4
"CONT181";0;0;40;3;5
"CONT182";0;0;31;2;5
"CONT183";0;0;27;3;5
"CONT184";0;0;50;2;5
"CONT185";0;0;57;2;4
"CONT186";0;0;34;2;5
"CONT187";0;0;40;2;5
"CONT188";0;0;23;3;5
"CONT189";0;0;59;3;5
"CONT190";0;1;24;1;4
"CONT191";0;0;32;2;4
"CONT192";0;0;22;3;5
"CONT193";0;0;22;2;4
"CONT194";0;1;35;2;5
"CONT195";0;0;37;2;4
"CONT196";0;0;44;3;5
"CONT197";0;0;21;3;5
"CONT198";0;0;33;2;4
"CONT199";0;0;41;3;5
"CONT200";0;0;22;3;5
"CONT201";0;0;30;2;5
"CONT202";0;0;33;2;3
"CONT203";0;0;23;3;5
"CONT204";0;0;34;2;4
"CONT205";0;0;22;1;4
"CONT206";0;0;47;1;5
"CONT207";0;0;38;3;5
"CONT208";0;0;50;2;4
"CONT209";0;0;26;3;5
"CONT210";0;0;33;2;4
"CONT211";0;0;48;2;4
"CONT212";0;0;23;2;4
"SM1";1;0;56;2;4
"SM2";1;0;47;2;4
"SM3";1;0;47;2;4
"SM4";1;0;57;2;4
"SM5";1;1;31;2;4
"SM6";1;1;50;1;4
"SM7";1;0;48;1;4
"SM8";1;1;44;3;3
"SM9";1;0;41;3;3
"SM10";1;0;51;3;3
"SM11";1;1;28;1;5
"SM12";1;1;40;3;3
"SM13";1;0;41;2;4
"SM14";1;0;35;3;3
"SM15";1;0;57;1;5
"SM16";1;0;47;1;4
"SM17";1;0;25;2;4
"SM18";1;0;35;2;4
"SM19";1;0;51;3;3
"SM20";1;1;38;2;4
"SM21";1;1;43;1;5
"SM22";1;0;57;3;3
"SM23";1;0;61;2;3
"SM24";1;0;26;2;4
"SM25";1;0;32;1;3
"SM26";1;1;40;3;3
"SM27";1;0;58;2;4
"SM28";1;1;40;3;3
"SM29";1;0;40;3;3
"SM30";1;0;26;1;5
"SM31";1;0;30;3;3
"SM32";1;1;47;3;3
"SM33";1;1;34;3;3
"SM34";1;0;28;3;3
"SM35";1;1;37;3;3
"SM36";1;0;37;2;3
"SM37";1;0;36;2;4
"SM38";1;0;53;3;3
"SM39";1;0;50;3;3
"SM40";1;0;38;2;3
"SM41";1;0;54;1;5
"SM42";1;1;48;2;4
"SM43";1;0;51;1;5
"SM44";1;0;61;2;4
"SM45";1;1;38;2;4
"SM47";1;0;46;2;4
"SM48";1;0;28;2;3
"SM49";1;0;51;3;3
"SM50";1;0;46;3;3
"SM52";1;0;53;1;4
"SM53";1;0;54;2;4
"SM54";1;0;44;3;3
"SM55";1;0;56;2;4
"SM56";1;0;42;2;4
"SM57";1;1;25;3;3
"SM58";1;0;55;2;3
"SM59";1;0;29;2;4
"SM60";1;0;51;2;4
"SM61";1;0;38;2;3
"SM63";1;0;25;2;4
"SM64";1;0;42;2;4
"SM65";1;0;56;2;4
"SM66";1;0;50;2;4
"SM67";1;0;42;2;4
"SM68";1;0;54;3;3
"SM69";1;0;53;3;3
"SM70";1;0;52;3;3
"SM71";1;1;30;1;5
"SM72";1;0;46;2;4
"SM73";1;0;35;1;3
"SM74";1;0;48;2;4
"SM75";1;0;59;2;4
"SM76";1;0;19;2;4
"SM77";1;0;37;3;3
"SM78";1;0;44;2;4
"SM79";1;0;52;3;3
"SM80";1;1;26;2;4
"SM81";1;0;30;3;3
"SM82";1;1;39;2;4
"SM83";1;0;36;3;3
"SM84";1;0;35;3;3
"SM85";1;1;37;2;4
"SM86";1;1;44;2;4
"SM87";1;0;47;2;4
"SM88";1;0;53;3;3
"SM89";1;1;19;3;3
"SM90";1;0;32;2;3
"SM91";1;0;43;2;4
"SM92";1;0;44;3;3
"SM93";1;0;47;1;4
"SM94";1;1;44;2;4
"SM95";1;1;32;3;3
"SM96";1;0;42;1;3
"SM97";1;1;44;1;5
"SM98";1;0;40;3;3
"SM99";1;0;34;2;4
"SM100";1;0;61;3;3
"SM101";1;0;37;1;5
"SM102";1;1;36;2;4
"SM103";1;1;39;2;3
"SM104";1;0;30;3;3
"SM105";1;0;44;2;3
"SM106";1;0;59;2;4
"SM107";1;0;50;3;4
"SM108";1;0;43;3;3
"SM109";1;0;34;2;4
"SM110";1;0;44;2;4
"SM111";1;1;42;3;3
"SM112";1;0;57;2;4
"SM113";1;1;41;2;3
"SM114";1;0;31;2;4
"SM115";1;0;49;1;3
"SM116";1;1;32;2;4
"SM117";1;0;50;3;3
"SM118";1;0;63;2;3
"SM119";1;1;44;2;4
"SM120";1;1;47;3;3
"SM121";1;0;29;1;3
"SM122";1;1;41;1;5
"SM123";1;0;60;3;3
"SM124";1;0;34;2;4
"SM125";1;1;27;1;5
"SM126";1;0;34;2;4
"SM127";1;1;46;2;4
"SM128";1;1;48;1;5
"SM129";1;1;45;2;4
"SM130";1;0;56;2;4
"SM131";1;0;41;2;4
"SM132";1;0;19;3;3
"SM133";1;0;28;2;4
"SM134";1;0;47;2;4
"SM135";1;0;33;2;4
"SM136";1;1;41;2;4
"SM137";1;0;20;2;4
"SM138";1;1;26;1;5
"SM139";1;1;35;1;5
"SM140";1;0;46;2;4
"SM141";1;0;43;3;3
"SM142";1;0;44;1;4
"SM143";1;1;38;2;3
"SM144";1;0;43;2;3
"SM145";1;0;31;3;3
"SM146";1;0;47;2;3
"SM147";1;1;29;3;3
"SM148";1;0;37;2;4
"SM149";1;1;44;3;3
"SM150";1;1;39;2;4
"SM151";1;0;28;2;4
"SM152";1;0;27;2;4
"SM153";1;1;37;2;4
"SM154";1;0;48;2;4
"SM155";1;1;30;2;4
"SM156";1;0;36;2;4
"SM157";1;0;33;1;4
"SM158";1;0;40;2;4
"SM160";1;1;42;2;4
"SM161";1;0;34;2;3
"SM162";1;0;29;2;4
"SM163";1;0;27;2;4
"SM165";1;0;54;2;4
"SM166";1;0;41;2;3
"SM168";1;0;37;1;5
"SM169";1;0;35;3;3
"SM170";1;1;29;2;4
"SM171";1;0;52;3;3
"SM172";1;1;19;3;3
"SM173";1;1;25;2;4
"SM174";1;0;60;2;4
